Category,Crime Head,Below 18 Years Juveniles - Male,Below 18 Years Juveniles - Female,18 Years and Above - Below 30 Years - Male,18 Years and Above - Below 30 Years - Female,30 Years and Above - Below 45 Years - Male,30 Years and Above - Below 45 Years - Female,45 Years and Above - Below 60 Years - Male,45 Years and Above - Below 60 Years - Female,60 Years and Above - Male,60 Years and Above - Female
Offences under IT Act,1 IT - Tampering Computer Source Documents,0,0,28,0,34,0,0,0,0,0
Offences under IT Act,2 IT - Computer Related Offences,70,3,2576,91,1257,26,153,4,37,0
Offences under IT Act,2.1 Computer Related Offences-Under Section 66A,63,1,2007,68,897,13,78,4,6,0
Offences under IT Act,2.2 Computer related Offences-Under Section 66B,0,0,49,1,28,1,6,0,6,0
Offences under IT Act,2.3 Computer related Offences-Under Section 66C,6,2,252,17,201,11,52,0,21,0
Offences under IT Act,2.4 Computer related Offences-Under Section 66D,0,0,207,2,98,1,15,0,4,0
Offences under IT Act,2.5 Computer related Offences-Under Section 66E,1,0,61,3,33,0,2,0,0,0
Offences under IT Act,3 IT - Cyber terrorism,0,0,3,0,0,0,0,0,0,0
Offences under IT Act,4 IT - Publication/Transmission of Obscene/Sexually Explicit Content,10,0,346,6,165,1,22,1,4,0
Offences under IT Act,4.1 Under section 67A,7,0,345,6,159,1,22,1,4,0
Offences under IT Act,4.2 Under section 67B,3,0,1,0,3,0,0,0,0,0
Offences under IT Act,4.3 Under Section 67C,0,0,0,0,3,0,0,0,0,0
Offences under IT Act,5 IT - Intentionally not Complying with the Order of Controller,0,0,2,0,1,0,0,0,0,0
Offences under IT Act,6 IT - Failure to Provide or Monitor or Intercept or Decrypt Information,0,0,0,0,0,0,0,0,0,0
Offences under IT Act,7 IT - Failure to Block Access any Information Hosted etc,0,0,0,0,0,0,0,0,0,0
Offences under IT Act,8 IT - Not Providing Technical Assistance to Govt. to Enable Online Access,0,0,0,0,0,0,0,0,0,0
Offences under IT Act,9 IT - Un-authorized Access/Attempt to Access to Protected Computer System,0,0,3,0,1,0,0,0,0,0
Offences under IT Act,10 IT - Misrepresentation/suppression of Fact for Obtaining License etc,0,0,2,0,0,0,0,0,0,0
Offences under IT Act,11 IT - Breach of Confidentiality/Privacy,0,0,3,0,2,0,1,0,0,0
Offences under IT Act,12 IT - Disclosure of Information in Breach of Lawful Contract,0,0,0,0,2,0,0,0,0,0
Offences under IT Act,13 IT - Publishing /Making Available False Elect. Signature Certificate,0,0,0,0,0,0,0,0,0,0
Offences under IT Act,14 IT - Create/Publish/Make Available Elec. Signature Certificate for Unlawful Purpose,0,0,1,0,0,0,2,0,0,0
Offences under IT Act,15 IT - Others,15,0,125,2,84,0,13,0,6,0
Offences under IPC,1 IPC - Offences by Public Servant,0,0,0,0,0,0,0,0,0,0
Offences under IPC,2 IPC - Fabrication/Destruction of electronic records for evidence,0,0,0,0,2,0,0,0,0,0
Offences under IPC,3 IPC - Cheating,12,0,312,6,358,7,54,4,1,0
Offences under IPC,4 IPC - Forgery,1,0,37,4,28,0,2,0,0,0
Offences under IPC,5 IPC - Data theft,1,1,84,2,47,0,0,0,0,0
Offences under IPC,6 IPC - Criminal Breach of Trust/Fraud,2,0,808,0,376,0,106,0,0,0
Offences under IPC,6.1 IPC - Credit / Debit Card,0,0,11,0,7,0,0,0,0,0
Offences under IPC,6.2 IPC - Others,2,0,797,0,369,0,106,0,0,0
Offences under IPC,7 IPC - Counterfeiting,0,0,9,0,4,0,1,0,0,0
Offences under IPC,7.1 IPC - Currency,0,0,9,0,4,0,1,0,0,0
Offences under IPC,7.2 IPC - Stamps,0,0,0,0,0,0,0,0,0,0
Offences under IPC,8 IPC - Others,35,0,315,6,208,5,28,0,1,0
SLL Offences,"1 Copyright Act, 1957",2,0,40,0,80,2,10,0,1,0
SLL Offences,1.1 Under Section 63,2,0,18,0,41,0,4,0,1,0
SLL Offences,1.2 Under Section 68A,0,0,8,0,7,0,3,0,0,0
SLL Offences,1.3 Others,0,0,14,0,32,2,3,0,0,0
SLL Offences,"2 Trade Marks Act, 1999",0,0,0,0,0,0,0,0,0,0
SLL Offences,2.1 Under Section 102,0,0,0,0,0,0,0,0,0,0
SLL Offences,2.2 Under Section 103,0,0,0,0,0,0,0,0,0,0
SLL Offences,2.3 Under Section 104,0,0,0,0,0,0,0,0,0,0
SLL Offences,2.4 Others,0,0,0,0,0,0,0,0,0,0
SLL Offences,3 Other SLL Offences,0,0,3,0,13,0,1,0,0,0
